{
  "weights": [
    -0.5164039560936493,
    -0.6752225312696195,
    -0.5164039560936493,
    -0.4672171035290142,
    -0.3137071416229531,
    -0.6246561157816884,
    -0.5281638200981046,
    -0.4837407737523048,
    -0.12662573924105547
  ],
  "trainedAt": "2026-04-01T12:12:10.335Z",
  "nSamples": 48,
  "featureDim": 9
}